Feature,R_squared,Adj_R_squared,F_statistic,F_pvalue,Neurodev_coef,Neurodev_pvalue,Genetic_coef,Genetic_pvalue,Age_coef,Age_pvalue,Sex_coef,Sex_pvalue,N_samples
EEG_Exponent_Frontal,0.213275118626368,,11.0470143881175,5.94232088837208e-08,-0.188061420536943,0.108143365144384,0.0698462005618786,0.594882480449343,-0.0142378407538362,1.34798594404462e-05,0.276293434749585,0.00468026006840483,168
EEG_Exponent_Central,0.293444444530668,,16.9241626112212,1.26443990385288e-11,-0.177601839059064,0.109366411312865,0.0171574223015127,0.890322811734802,-0.0199396338727054,4.6013570731418e-10,0.207329862788838,0.0244684959523191,168
EEG_Exponent_temporal_r,0.261753693425033,,14.4483797779582,4.04902242323478e-10,-0.207121669051813,0.0680776325734713,-0.0272477755180939,0.830366101982658,-0.0198900596221422,1.07506403779212e-09,0.132935803026406,0.156243922181738,168
EEG_Exponent_temporal_l,0.233265841692872,,12.3974952022118,7.94007397053991e-09,-0.233367137787581,0.0439194638999962,-0.0828994224324209,0.52268889717546,-0.0188420448554912,1.13150517844218e-08,0.156933807170713,0.100869238229512,168
EEG_Exponent_parietal_r,0.251313237293044,,13.6786369544776,1.22331385075452e-09,-0.162692741391138,0.153884204974484,0.0824749798157579,0.519869297045765,-0.0172487549998214,1.00815357617634e-07,0.210435318622068,0.0265080630491441,168
EEG_Exponent_parietal_l,0.228492036905085,,12.0686382374211,1.2911870593285e-08,-0.186958456433793,0.106788764152548,0.0551735707387111,0.671380997646361,-0.0171393102973452,1.77357583952542e-07,0.157747035469894,0.100172518875065,168
EEG_Exponent_Occipital,0.248983212926291,,13.5097724862848,1.56194302106682e-09,-0.173960527920233,0.128090689577364,0.103961907025441,0.418142570737504,-0.0171467961016868,1.2312918507007e-07,0.178928957220398,0.0590883020233028,168
EEG_Exponent_WholeBrain,0.27144096694579,,15.1823241510999,1.42859962965865e-10,-0.19982175434612,0.0763339438102937,0.0376769115605529,0.76557117008918,-0.0186054430022383,7.61397633830541e-09,0.205572330460943,0.0279870424486994,168
EEG_Offset_Frontal,0.275056782111437,,15.4612990293041,9.64514831318668e-11,-0.110545472806115,0.324014873860527,0.206304278385121,0.103041210852288,-0.016432538370551,2.3529297665803e-07,0.220188299653596,0.018427181841931,168
EEG_Offset_Central,0.305912419579649,,17.9601702285483,3.08387660964651e-12,-0.130753386551621,0.233514192104071,0.136733117614776,0.268420434683983,-0.0185896459535865,3.63593999352929e-09,0.235288523053398,0.0101770413387798,168
EEG_Offset_temporal_r,0.30688399576164,,18.0424672793823,2.75956645510311e-12,-0.14187658251338,0.195974419219483,0.157461191444746,0.202455479599134,-0.0183408528323256,5.46273004609077e-09,0.22647371334244,0.0132488549509786,168
EEG_Offset_temporal_l,0.312404612835868,,18.514504621048,1.46299098298766e-12,-0.116031560719637,0.287930935966624,0.0853033983624145,0.487378597423097,-0.019433926697165,7.03082703168434e-10,0.253860702068944,0.00542274596395043,168
EEG_Offset_parietal_r,0.309372537132956,,18.2543144690946,2.07445634885542e-12,-0.0998930895909842,0.3610993882977,0.128490258862973,0.297034993555061,-0.017097145822172,4.2247313425392e-08,0.347866202069778,0.000167028690885695,168
EEG_Offset_parietal_l,0.317612853289148,,18.9668340529529,7.99890546963189e-13,-0.0908232425973163,0.40342247128085,0.144302410835501,0.238936364514704,-0.0179115260520058,8.96148644180528e-09,0.312719967761499,0.000631839541568757,168
EEG_Offset_Occipital,0.296458653228063,,17.1712581989295,9.0123689508552e-12,-0.0760950016135465,0.490405504821087,0.139516037718369,0.262048546560039,-0.0180067566241275,1.21465209002025e-08,0.263751888399104,0.00431223469182584,168
EEG_Offset_WholeBrain,0.315664886941317,,18.7968495221078,1.00312328860134e-12,-0.109407257855702,0.315102612847721,0.148682350936271,0.225698102356254,-0.0183326249967423,4.52719839394433e-09,0.273539552016674,0.0027207367455595,168
EEG_Hurst_Frontal,0.106798748032149,,4.87241701992902,0.000975719551845678,-0.195620194688119,0.116719799898712,-0.0222598624246385,0.873576980045446,-0.0107792030204174,0.00170942759613646,0.181779249990995,0.0784703902381063,168
EEG_Hurst_Central,0.135179458195696,,6.36960231076604,8.69499511209569e-05,-0.145976796578926,0.233433789849763,-0.0867414021812596,0.528843893013257,-0.0151992392652751,9.56599020507376e-06,0.0786821721368261,0.437146154879082,168
EEG_Hurst_temporal_r,0.149772325132752,,7.17833873157867,2.38730405740754e-05,-0.149619550665787,0.218118301591038,-0.101877095730506,0.4557885530773,-0.0162351382529868,2.06539899783031e-06,0.0684785149904225,0.495125308619757,168
EEG_Hurst_temporal_l,0.112432581756537,,5.16200528816863,0.000610158930506904,-0.191044528652467,0.124272215821446,-0.0798551803600806,0.567078977330481,-0.0134644627273282,9.71096755011391e-05,0.0757514458244321,0.460212329474179,168
EEG_Hurst_parietal_r,0.118020354807498,,5.45288032963149,0.000381015377242133,-0.124882208836512,0.312481639232785,-0.0249046351189941,0.857820783058073,-0.0127007273825527,0.000218140512237452,0.154264006827174,0.132405985157469,168
EEG_Hurst_parietal_l,0.113818901418158,,5.23382888690844,0.0005431460157235,-0.0757785417633629,0.540512274540272,-0.0108145783724366,0.938136676596001,-0.0127431542863136,0.000215237387290346,0.135843403879935,0.185865104751841,168
EEG_Hurst_Occipital,0.0948503589085651,,4.27018025534802,0.00259263057327496,-0.112700435670635,0.3680919748066,-0.111289953912189,0.42980716797014,-0.0129413275057387,0.000201086552656049,0.0802424092404772,0.43858824961886,168
EEG_Hurst_WholeBrain,0.12994045822216,,6.08587506750784,0.000137192495196938,-0.152716868015789,0.214022419491883,-0.0648062289870469,0.638909774028962,-0.0141483338008335,3.70889388856543e-05,0.124183380100095,0.222086096174545,168
EEG_Delta_Frontal,0.0643057322826401,,2.80055000968452,0.0277119370843091,-0.155889225000163,0.221258766823427,0.137624147022632,0.337137999905627,-0.00646343331553526,0.0634787062896132,0.0450984358636649,0.668327337237754,168
EEG_Delta_Central,0.210210082681922,,10.845999273296,8.047163265985e-08,-0.123630577822312,0.29074123787624,0.169809974635919,0.19788212587567,-0.0141742575943904,1.51935904817435e-05,0.204036882356254,0.0360635359788415,168
EEG_Delta_temporal_r,0.126795659167177,,5.91719815104732,0.0001800205249397,-0.12286024507597,0.317944560500661,0.17341450698888,0.211029747257125,-0.0090483952724798,0.00749467765028133,0.202578196820658,0.0476179235704,168
EEG_Delta_temporal_l,0.193721503422773,,9.79084931322099,4.01366008356753e-07,-0.0799395418489565,0.498536062958291,0.148651033552453,0.264297615705151,-0.0130440863489713,7.53210631807555e-05,0.259713471819679,0.0085260315639637,168
EEG_Delta_parietal_r,0.191967654560502,,9.68114948305147,4.75046455386178e-07,-0.0824889874459664,0.485433385158798,0.176241212086922,0.186492699099256,-0.0114144743253675,0.000501857658988136,0.305922302171307,0.00205077302653867,168
EEG_Delta_parietal_l,0.222757144305233,,11.6789154945967,2.30488747600517e-08,-0.0780300100927783,0.501036240162757,0.179339992738061,0.170580879349942,-0.0129795034510319,6.08247409712437e-05,0.31210298834525,0.00136008982074443,168
EEG_Delta_Occipital,0.225321559129202,,11.8524707157126,1.77987004530881e-08,-0.090295845901569,0.435549174196767,0.142309169743004,0.275562848605137,-0.0148676657778701,4.96660680959771e-06,0.252328077723367,0.00911320364252011,168
EEG_Delta_WholeBrain,0.174962634173588,,8.64170234936219,2.37760054469636e-06,-0.126561053598021,0.289973961592619,0.174745278147018,0.194846914611267,-0.0118871805388526,0.000340598139559001,0.216925569231341,0.029309189191878,168
EEG_Theta_Frontal,0.238719972104845,,12.7782662185014,4.53612933712314e-09,-0.0584131264870457,0.610677220024476,0.301095726318379,0.0207632994428573,-0.0148087056663815,4.50547062880169e-06,0.0929921106248137,0.327942257380371,168
EEG_Theta_Central,0.246145589841063,,13.3055304192073,2.10090214689089e-09,-0.0641315292952085,0.574358598722483,0.263606727551851,0.0415435867871741,-0.0151023610441816,2.68941210102014e-06,0.16481644895016,0.0824137768798889,168
EEG_Theta_temporal_r,0.251168185658067,,13.6680939158024,1.24209737881399e-09,-0.0877734443143263,0.440745287520421,0.303056609254882,0.0189754125673556,-0.013952484135995,1.24004124206767e-05,0.191707929919711,0.0430085439665533,168
EEG_Theta_temporal_l,0.253278185923443,,13.8218622809941,9.94823862928126e-10,-0.0178671063275491,0.875015981446049,0.203692276261075,0.112661471554852,-0.0164612615519147,3.27073453432192e-07,0.187257495738587,0.047706436745792,168
EEG_Theta_parietal_r,0.207227848558606,,10.6519064947092,1.07939698140447e-07,-0.0518443759911522,0.657886190522958,0.15338178465725,0.245478103943984,-0.0131774136185589,5.58615719503663e-05,0.293373231195399,0.00281430100925717,168
EEG_Theta_parietal_l,0.23445340143782,,12.4799406418043,7.03162638493517e-09,-0.0686036423835539,0.551063679524623,0.153122636458525,0.238080106297723,-0.0146215075298578,6.1764391543484e-06,0.286934997984009,0.00294286837175806,168
EEG_Theta_Occipital,0.214884141000312,,11.1531675807942,5.0649921370232e-08,-0.0499959988313536,0.66782829044247,0.143627982227635,0.27435148430129,-0.0152273681010237,3.47589353344446e-06,0.210087122512211,0.030478103271655,168
EEG_Theta_WholeBrain,0.248849784335289,,13.5001341944491,1.58391248214024e-09,-0.0597114168920568,0.600342885303178,0.224215445128333,0.0819199443894614,-0.0153834965664394,1.72877891491119e-06,0.210940932353389,0.0263955491990411,168
EEG_Alpha_Frontal,0.194670918471403,,9.85043271087682,3.66297970982017e-07,-0.00913269557277476,0.938289562494049,0.481521146136535,0.000378210856109895,-0.00734700331978459,0.023335214955865,0.148538683910645,0.129484256772497,168
EEG_Alpha_Central,0.197341728663943,,10.0188034313407,2.83024429403978e-07,-0.0795163484450964,0.499846411156214,0.420193847645495,0.00180075600217644,-0.00825638595216746,0.0108486015971794,0.167807484326804,0.0865335357134045,168
EEG_Alpha_temporal_r,0.217549456678669,,11.3299689486126,3.88401901413083e-08,-0.0813960848180596,0.484235128456818,0.398362826466373,0.00269527664719904,-0.00868325375670174,0.00672753421532657,0.248363830903869,0.0106156182573609,168
EEG_Alpha_temporal_l,0.184274583364143,,9.20553548896093,9.89587262668393e-07,-0.0428057825622337,0.718484216996579,0.317180604512641,0.0186521109935969,-0.0102518857718478,0.00179619019106458,0.203302772647254,0.0398085770872554,168
EEG_Alpha_parietal_r,0.177629645269685,,8.80188348607649,1.85215995656664e-06,-0.0621173218503944,0.602446979917096,0.276708598240194,0.0405432595516064,-0.00739887542651324,0.0238059288797294,0.340102095272992,0.000707049581585295,168
EEG_Alpha_parietal_l,0.186993362716312,,9.3725920321494,7.64281518012833e-07,-0.0748668480973398,0.527859129258059,0.264729587086074,0.0486448953171699,-0.00890805428946484,0.00639010528808948,0.316732828598794,0.001478030666203,168
EEG_Alpha_Occipital,0.170756384948642,,8.39116824098335,3.51775241478495e-06,-0.0576483973578433,0.630209207765593,0.284212935836934,0.0362277730096074,-0.00784499126161785,0.0171047465712071,0.30291058020179,0.00256920166071395,168
EEG_Alpha_WholeBrain,0.198228821304746,,10.0749748591783,2.59727573842801e-07,-0.0581190269797197,0.621589349745578,0.350588979302006,0.0088607581027369,-0.00853697167760427,0.00844479906560047,0.276890210767519,0.00498292463576,168
EEG_Beta_Frontal,0.0426395560715356,,1.81495059769247,0.128367956447352,0.0834790092427143,0.51657230559528,0.167605448311966,0.248132048302776,-0.00558944248612513,0.112090764889715,0.0498449112694319,0.639696867198349,168
EEG_Beta_Central,0.118943252537453,,5.50127736364364,0.000352331482581598,-0.0339111408111304,0.78346151304386,0.3093555742125,0.0271125838107511,-0.00482312401760302,0.152653304505855,0.242831668927042,0.0183845555133664,168
EEG_Beta_temporal_r,0.132929845886549,,6.24735056809265,0.000105814194081619,-0.0391172936831564,0.749321407065246,0.309912624187729,0.0256593779677683,-0.005029638063358,0.132852570459563,0.27601987383646,0.00705051853233329,168
EEG_Beta_temporal_l,0.0753552221455679,,3.32097836485623,0.0120432171403951,0.145588820819317,0.250357960159427,0.194724956050902,0.172507763191247,-0.0037211551657958,0.280769448405194,0.259652552886906,0.0139283440492912,168
EEG_Beta_parietal_r,0.150855303740064,,7.23946537555218,2.16614457380963e-05,-0.0802993830279095,0.507664245742071,0.108794045001351,0.42554005282461,-0.00743795969774181,0.025322473451767,0.388171266876686,0.000152411752541548,168
EEG_Beta_parietal_l,0.182811772206546,,9.11611237662083,1.13664658238498e-06,-0.0134054534767287,0.91017947830369,0.254090902654262,0.0589532298221804,-0.006563896757094,0.0439272165427951,0.408125536161531,5.20878091829768e-05,168
EEG_Beta_Occipital,0.165361832448667,,8.07355203039973,5.79141766621171e-06,-0.0200394742826862,0.86747708685845,0.255028797314197,0.0606919678656013,-0.00708834936414543,0.0314750791206848,0.353094156192554,0.000489291179676776,168
EEG_Beta_WholeBrain,0.117369425025365,,5.41880624282826,0.00040260611151206,0.029850603295254,0.809016115038184,0.236137097285037,0.0909079799559493,-0.00650723807592625,0.054481043095671,0.274271718517885,0.00794130338588772,168
EEG_LowGamma_Frontal,0.0252650481951397,,1.05623658210426,0.380055322434208,0.183147365679858,0.159442749559367,0.0105261051964674,0.942579057006866,0.00111033959232973,0.753542187094242,-0.125412981265257,0.243922480380494,168
EEG_LowGamma_Central,0.0204359916422568,,0.850140115721587,0.495403327250554,0.173113859866037,0.184497170589416,0.110923193836755,0.449350074441354,0.00532474506006605,0.134387236179396,0.0528679299779316,0.623541226325049,168
EEG_LowGamma_temporal_r,0.0293176518277661,,1.23077782781463,0.299852470062237,0.123241321915043,0.341962437608551,0.214828812421274,0.142038663976684,0.00665500718168218,0.0606746034654424,0.110945523756132,0.301403252420761,168
EEG_LowGamma_temporal_l,0.0327052023724078,,1.377798164473,0.243880222571543,0.243165238520986,0.0613744362428195,0.0809987440026479,0.578121417627995,0.00350384862420764,0.32059635801524,0.135536840903459,0.206348551837656,168
EEG_LowGamma_parietal_r,0.0489808957990853,,2.09877119712523,0.0833091638361164,0.00104080855343556,0.993521783931006,-0.122991357418261,0.394713635283545,-0.00421903009407039,0.228091356357346,0.255567038325328,0.0169454287510145,168
EEG_LowGamma_parietal_l,0.0483074862818798,,2.06845177156626,0.087286210618897,0.188228448481522,0.14346219712419,0.121611509595823,0.400193616806298,0.00109097103050338,0.754882354229215,0.260648916199,0.0149462374521565,168
EEG_LowGamma_Occipital,0.0614635891230257,,2.66866711587989,0.0341656260455053,0.174546136849978,0.171712606394218,0.0356250482491582,0.803815294276987,-0.00487335067166404,0.161409435910488,0.222821409752435,0.0357358221585045,168
EEG_LowGamma_WholeBrain,0.0202275812917138,,0.841291224266188,0.500855456528749,0.216665587872876,0.0972804716261804,0.0551688140059853,0.706573502563453,0.00167767698787241,0.636151373649902,0.0624141614170298,0.562372555750332,168
EEG_HighGamma_Frontal,0.040844832012379,,1.73530515192503,0.144649160520266,0.203488652896484,0.115339124121719,0.0173450815296029,0.904761646537821,0.00348138901782973,0.321660348186529,-0.15994511772735,0.134634357945105,168
EEG_HighGamma_Central,0.0607977624499564,,2.63788641123601,0.0358716385876696,0.18843451342168,0.140413667456669,0.0442119428456435,0.757957865650853,0.00966627894945845,0.00591222149810133,0.0139639845587344,0.89463100565463,168
EEG_HighGamma_temporal_r,0.0794741404658881,,3.51817517176977,0.00876332878498196,0.165430793757159,0.190780792902534,0.158214081006031,0.266159262069995,0.0125653962828403,0.000337341572247407,0.0778501434627224,0.45612952578535,168
EEG_HighGamma_temporal_l,0.0475771661941048,,2.03561848119749,0.0917971840099202,0.271738437834062,0.0353903420130872,0.107396333119196,0.457583356260718,0.0069926807868479,0.0467555634785342,0.107350456520481,0.312707450180497,168
EEG_HighGamma_parietal_r,0.0240602795069641,,1.00462802089199,0.406817501507651,0.022490845479238,0.862503527636618,-0.139141123214553,0.341999058341122,-0.000901922813338738,0.798805294561287,0.175310254460157,0.104241963404285,168
EEG_HighGamma_parietal_l,0.0383369097670846,,1.6245076772473,0.170505005355786,0.203343788905605,0.116068459585473,0.0601803650872435,0.678515823563012,0.00397440845422394,0.258723356341204,0.199836035534167,0.0624320982060897,168
EEG_HighGamma_Occipital,0.0523113856299294,,2.24935588767897,0.0659957683159854,0.195883159089541,0.127186515533537,-0.0350551011410191,0.807807086899466,-0.00393275859015437,0.26024943078402,0.190666912758271,0.0732118945269098,168
EEG_HighGamma_WholeBrain,0.0351012764510704,,1.48241155312151,0.209861746014909,0.238514601566636,0.0661163230336868,0.0373457115514249,0.797312403050267,0.00518364300111315,0.141947499683156,0.0225036667229905,0.833219321331324,168
EEG_relative_Delta_Frontal,0.0410794481322782,,1.74569989988204,0.142420043129171,-0.135630667728827,0.292849033332268,-0.0949112291742076,0.512871929383863,-0.00697659122230722,0.0480038259666515,0.135570557547681,0.2042760870842,168
EEG_relative_Delta_Central,0.0532338126504465,,2.29124982967395,0.0618311076665863,-0.0882997511347192,0.490279030945866,-0.204491671562182,0.156931755140434,-0.0101405432315232,0.00406484035129151,0.0441961117907773,0.676374026498836,168
EEG_relative_Delta_temporal_r,0.0449883091334224,,1.91963471727082,0.1095730474288,-0.0746047482221118,0.561596590187911,-0.144656341488898,0.31803294992829,-0.00947577699814664,0.00741466066722762,0.0218565310651066,0.837122421839623,168
EEG_relative_Delta_temporal_l,0.0477006310492453,,2.0411656025756,0.0910197736921843,-0.129172501333133,0.314689826676416,-0.173265370159069,0.231351446784859,-0.0088955902165311,0.0117208202171446,0.0973763884910446,0.359629573052558,168
EEG_relative_Delta_parietal_r,0.0420950884717629,,1.79075692647573,0.133122915957356,-0.0671688514298351,0.60175546178649,-0.0774004318455695,0.593311649703036,-0.00846637818659531,0.0166612717599068,0.071023204139481,0.505027778323717,168
EEG_relative_Delta_parietal_l,0.0525533399656796,,2.26033685476696,0.0648787219723553,-0.0104968852301406,0.934615375560565,-0.0899245174891935,0.532777655041054,-0.00902897495879108,0.0103503710348771,0.107433902453011,0.311069233410412,168
EEG_relative_Delta_Occipital,0.0531874809175161,,2.2891436305565,0.0620342894283912,-0.0615077742360941,0.630719104066501,-0.232246025927463,0.108249118575629,-0.00994714860321976,0.00480903548524036,0.0394605819145395,0.709370284566511,168
EEG_relative_Delta_WholeBrain,0.0497736721359155,,2.13452004018634,0.0788424297868583,-0.0850142778333603,0.507315758249948,-0.153246669447523,0.289027785989387,-0.00941994777220395,0.007613690519511,0.0809396028789127,0.445717457120998,168
EEG_relative_Theta_Frontal,0.0166140873112631,,0.688462229525807,0.600924508385385,-0.0371153631812086,0.775876964772269,-0.0225383884637384,0.877970141734792,-0.00545758430981344,0.125734353168249,0.00642625797495762,0.952499298938124,168
EEG_relative_Theta_Central,0.00615978029289554,,0.252566802950942,0.90777168269926,-0.0119818321022745,0.927148483754068,0.0431970270223495,0.769751303247497,-0.00243334379181584,0.495839076519664,0.0184712168368907,0.86476614748162,168
EEG_relative_Theta_temporal_r,0.0211244397548389,,0.879397703824677,0.477662386449309,-0.10791715099128,0.407150701715339,0.0225236529171866,0.877770885320213,-0.00493884720965421,0.16462557112739,-0.0113324768231354,0.91614771511645,168
EEG_relative_Theta_temporal_l,0.0187456390652058,,0.778477856831538,0.540676972177327,-0.0895914310581684,0.491736625503708,-0.0114402558128853,0.937809341184625,-0.00523945984944881,0.141035664075797,-0.0692359633681123,0.520821842939753,168
EEG_relative_Theta_parietal_r,0.00852772064698182,,0.350493527253527,0.84341055481141,-0.0118537957180489,0.927839033472339,-0.0133626514376229,0.927760128342568,-0.00395048248563389,0.268856378291778,-0.0266154796777915,0.805926959599914,168
EEG_relative_Theta_parietal_l,0.0127836733967779,,0.527680384613479,0.715538127449135,-0.0991671711491553,0.448083047247564,-0.0148162861592821,0.919755171479244,-0.00393017499595075,0.270289065409253,-0.0652953845681589,0.546011110441031,168
EEG_relative_Theta_Occipital,0.0102740403937229,,0.423013200755824,0.7918766698674,-0.00668738724147648,0.95921579452307,0.0663058709206229,0.652612292443765,0.000321166718314053,0.928176872727143,-0.128995198568784,0.234319116804646,168
EEG_relative_Theta_WholeBrain,0.0112937470856341,,0.465477175230792,0.760999226233804,-0.053711393195558,0.68119590614488,0.0113014558201364,0.938793864704639,-0.00400697766008745,0.261431793341633,-0.0436635489844498,0.686542141385173,168
EEG_relative_Alpha_Frontal,0.0282447758860204,,1.18442853590498,0.319636556070017,0.0877532234770976,0.498570110896109,0.259499529291228,0.0767445907230306,0.00575546822095428,0.104457370368694,-0.0637468873227072,0.552437747676034,168
EEG_relative_Alpha_Central,0.0362380810188497,,1.53222675894813,0.195212113195682,0.0371115971137453,0.773691160454132,0.317961481549402,0.0298346627958384,0.00505654656782444,0.151675542444312,0.0069690176807691,0.947971809065618,168
EEG_relative_Alpha_temporal_r,0.0210437157332616,,0.875964974036333,0.479720990939939,0.033130049161867,0.798949329509191,0.240622330421883,0.101788097303484,0.00374632424633168,0.291234926928343,0.0404910372327378,0.706841012536519,168
EEG_relative_Alpha_temporal_l,0.0276890867130457,,1.1604624283628,0.330288203346019,0.028500584861405,0.825973630054802,0.272409507556225,0.0633800799171795,0.00401310467959031,0.256740066816511,-0.0516735214506443,0.630131823711034,168
EEG_relative_Alpha_parietal_r,0.0208919071965201,,0.869510960552427,0.483608008585934,0.031265411270486,0.810054616316289,0.206009150114409,0.160825267335887,0.00519771860046585,0.143772794504011,0.0542264047127631,0.614572355688925,168
EEG_relative_Alpha_parietal_l,0.026047086381461,,1.08980501542015,0.363406946286316,0.000170045400938714,0.998954124963718,0.223800648843707,0.126866045071232,0.00548581496042252,0.122011537424016,-0.0148515507946224,0.889980469271124,168
EEG_relative_Alpha_Occipital,0.0531480881144339,,2.28735303110941,0.0622075324390796,0.0494315039826542,0.699220261821796,0.366965141249372,0.0116383889997205,0.00673023849205164,0.0548213613160577,0.0778912098847265,0.462213780556092,168
EEG_relative_Alpha_WholeBrain,0.0307369323459414,,1.29224978738599,0.275227068393514,0.0398066752883535,0.758424703782815,0.283544184724756,0.0530452015261014,0.00544603276129183,0.123820103486886,0.0131985397837215,0.901924653607317,168
EEG_relative_Beta_Frontal,0.119604312050536,,5.53600589231772,0.00033309415806265,0.152480731982613,0.217427277407445,-0.0692264749765103,0.618303934572172,0.011317385206122,0.000928887127496392,-0.146233760949684,0.153254008108787,168
EEG_relative_Beta_Central,0.190134096944624,,9.56697203976952,5.66298777620995e-07,0.0492492628526271,0.67725008840612,-0.0956132012724303,0.473238372807264,0.0161135281840674,1.42205620590197e-06,-0.0984552997995828,0.315324988790933,168
EEG_relative_Beta_temporal_r,0.171124726096272,,8.41300592256907,3.39948271466567e-06,0.0660303950786375,0.581295667253034,-0.0668801597930601,0.619820804289363,0.0158495846470734,2.64035829133924e-06,-0.0587945548108749,0.552974920793244,168
EEG_relative_Beta_temporal_l,0.110527302243077,,5.06366027621031,0.000715574592257749,0.157192930190516,0.205922636717383,-0.000535306287088595,0.996940434835222,0.0129027833328692,0.00018534034540596,-0.0438147609746801,0.669431261117076,168
EEG_relative_Beta_parietal_r,0.18372446297897,,9.17186847680837,1.04255494415086e-06,0.00857917228680847,0.942412272663092,-0.146187047469885,0.275212212681109,0.0144626805202966,1.41960395518836e-05,-0.160449821447654,0.103984985103228,168
EEG_relative_Beta_parietal_l,0.167428592082077,,8.19475069941055,4.78689342206149e-06,0.00941447315359786,0.937436734367357,-0.0835736655925713,0.536294374509637,0.0145498173198942,1.52571015437086e-05,-0.157073513819712,0.114944338118076,168
EEG_relative_Beta_Occipital,0.163208209272446,,7.94789647980371,7.05829234111373e-06,-0.0306188010127499,0.799022217318112,-0.112836160338135,0.405151544487332,0.0145809816295462,1.53673205505189e-05,-0.101920129073975,0.306530629191627,168
EEG_relative_Beta_WholeBrain,0.177387173078753,,8.78727764313264,1.894777102629e-06,0.0631592882642952,0.596433115322889,-0.0896640007054237,0.504495754461507,0.0152774377988723,5.26160245417628e-06,-0.122162301220801,0.216750329912083,168
EEG_relative_LowGamma_Frontal,0.144410894049651,,6.87800240979781,3.85292930741104e-05,0.234611076982566,0.0550280132985093,-0.0210606726256135,0.877752866361714,0.0114771168806846,0.000666439211857384,-0.220993866212073,0.0292454786043739,168
EEG_relative_LowGamma_Central,0.168766854422716,,8.2735503923505,4.22996654680508e-06,0.233095977780328,0.0531357301952358,-0.0283521709327399,0.833606972194389,0.0143586674983873,1.91597232763741e-05,-0.131491190234893,0.186109099327749,168
EEG_relative_LowGamma_temporal_r,0.193762470378805,,9.7934174208513,3.99786834998524e-07,0.251705481748845,0.0341846043411338,0.0218956746346759,0.869150325239401,0.0166166339442226,6.62380481575298e-07,-0.100791107526893,0.302935013486735,168
EEG_relative_LowGamma_temporal_l,0.106801236760812,,4.87254413812664,0.000975518396241661,0.269592913712924,0.031191531116846,0.0391812796961527,0.779438504711435,0.0117415659090917,0.000656326073128488,-0.057527691010536,0.57598150667947,168
EEG_relative_LowGamma_parietal_r,0.149594650771461,,7.16832511045127,2.42564421224006e-05,0.192197098955396,0.114229695589742,-0.0443505317202031,0.745284876976142,0.0119729403131368,0.00037799706852315,-0.22179692189716,0.0281973561841955,168
EEG_relative_LowGamma_parietal_l,0.0936011986651353,,4.20813535938815,0.00286721310460893,0.127018232155852,0.310887711936542,-0.0603131160234263,0.668743842752086,0.0102223560182301,0.00309853035832686,-0.121705072529371,0.240952787987644,168
EEG_relative_LowGamma_Occipital,0.156702010521706,,7.57218327143169,1.27770034938083e-05,0.208888242457566,0.0849620454434503,-0.0935322385906929,0.491700916402324,0.0123639252414015,0.000232075081188388,-0.161284496168566,0.107827133506929,168
EEG_relative_LowGamma_WholeBrain,0.17300712327715,,8.52491051855394,2.85347071679784e-06,0.243938270854853,0.0425824815478069,-0.0257198235839527,0.848475953762527,0.0140430077522206,2.72167320649608e-05,-0.165698618044036,0.0953654078838226,168
EEG_relative_HighGamma_Frontal,0.156454737136227,,7.55801830557003,1.3066824785123e-05,0.211309445971544,0.0814869658028816,-0.0336648723858985,0.804436905209798,0.012061727978569,0.00032525375196113,-0.236686152826405,0.0188337491734145,168
EEG_relative_HighGamma_Central,0.146136839672486,,6.97427467695135,3.30427284385208e-05,0.183385358781454,0.132444749479413,-0.0459433531219374,0.736988323146546,0.0135434870059732,6.53699459378654e-05,-0.111618118390024,0.267748325442795,168
EEG_relative_HighGamma_temporal_r,0.165973874982361,,8.10938075277698,5.47411517811632e-06,0.213918708640106,0.0761673945880279,-0.0151504130663958,0.910763489942802,0.0152920176043327,5.93306704876895e-06,-0.067915709942096,0.494536321514524,168
EEG_relative_HighGamma_temporal_l,0.126856443746532,,5.92044692496196,0.00017908031273291,0.23169561807101,0.0606367146109195,0.0163679485190762,0.905799302246281,0.013020997113821,0.000142038932397837,-0.0894292961522859,0.379560145337141,168
EEG_relative_HighGamma_parietal_r,0.117187983458422,,5.40931731382453,0.000408834441328245,0.145365151151874,0.240199910923857,-0.0670212373026913,0.629994354342506,0.0103523834031258,0.00242101937231221,-0.198413156680405,0.0536015258015146,168
EEG_relative_HighGamma_parietal_l,0.086497377335466,,3.85851998556838,0.00505381619075079,0.117160612749524,0.351696598463501,-0.0776703747701285,0.583168768722896,0.00990960409244267,0.00425406218258417,-0.0880250795176058,0.397741427533219,168
EEG_relative_HighGamma_Occipital,0.139796275208657,,6.6224988924974,5.7969268708757e-05,0.213196778430721,0.0817546993327944,-0.115011420370367,0.402666582030587,0.0109274114182347,0.00120843743302079,-0.149877828103696,0.138752604972531,168
EEG_relative_HighGamma_WholeBrain,0.15944236429551,,7.72972140048021,9.95887044285107e-06,0.206389514012306,0.0882094825896267,-0.0498403889841781,0.713476370358349,0.0134790724714086,6.22049102061428e-05,-0.153313082358464,0.125617152094016,168
EEG_PeriodicDelta_Frontal,0.0845960041246585,,3.76586423438473,0.00587181322413287,-0.148074527059618,0.240040627030778,-0.206165279348594,0.146762391020419,-0.012650231267498,0.000297182787381223,0.0689608920565699,0.507904196833885,168
EEG_PeriodicDelta_Central,0.0987272207022025,,4.46383640560994,0.00189345162199644,0.103701801475308,0.406469964409266,-0.119571603199483,0.395343518698751,-0.0108193985269538,0.0017232417493469,0.181200717812434,0.0807614626990107,168
EEG_PeriodicDelta_temporal_r,0.0270136685811436,,1.13136943360384,0.343611921259375,0.104159134828346,0.422250250492055,-0.0883815007021714,0.545185619194336,-0.00471885241869204,0.18282279069343,0.0858500221614068,0.424144813767796,168
EEG_PeriodicDelta_temporal_l,0.0459070608504025,,1.96072379628059,0.102931783086043,0.174486695158683,0.175373687336801,-0.118654768140423,0.412311159312856,-0.00476614909897293,0.174281954893312,0.113038661670176,0.288261698799323,168
EEG_PeriodicDelta_parietal_r,0.0314882946220392,,1.32486576953389,0.262884278536691,0.117076914216382,0.3660522260134,-0.124720181177139,0.392426622994491,-0.00546578087221418,0.122329430145449,0.0255810256384887,0.811168540881505,168
EEG_PeriodicDelta_parietal_l,0.0401918108816349,,1.7063995827448,0.151019537960256,-0.0600166942073283,0.641297736451738,-0.172916956789903,0.234114239922798,-0.00780310897468569,0.0272942429737277,0.111418822028566,0.296640003475314,168
EEG_PeriodicDelta_Occipital,0.075045153894941,,3.30620465863422,0.0123330444212034,0.0615292047148555,0.626593608766471,-0.0958432245006628,0.501076999916436,-0.0114872968550247,0.00103795906302051,-0.0197548700021254,0.850245803595854,168
EEG_PeriodicDelta_WholeBrain,0.0610653654845301,,2.65025226679248,0.035176488215848,0.0383620281331227,0.763308362611407,-0.152566480100333,0.288293202318893,-0.00980986402522997,0.00522332545421667,0.0830427529785875,0.431262251506476,168
EEG_PeriodicTheta_Frontal,0.126655274569453,,5.9096966964114,0.000182210486082152,-0.169541676020016,0.168779194813579,0.116006928861819,0.402179253877942,-0.0104715998037644,0.00204864129188165,0.160357513068405,0.116105122384471,168
EEG_PeriodicTheta_Central,0.186423074007084,,9.33745786425458,8.06915348897662e-07,-0.15471152010687,0.193096590419909,0.163919363240369,0.220599912281161,-0.0130533123615199,7.9964222144735e-05,0.182142550657392,0.0648166730941413,168
EEG_PeriodicTheta_temporal_r,0.161791216982657,,7.86557266592948,8.03645205117392e-06,-0.208310758209755,0.0848823091385953,0.0854058873125396,0.528798148601467,-0.0138311246193472,3.97109404575158e-05,0.0807024995569527,0.418249822906907,168
EEG_PeriodicTheta_temporal_l,0.173609611547996,,8.56083489043595,2.69766300983524e-06,-0.233395325331075,0.0521526856655068,0.0632767302760166,0.638284933972493,-0.0147961266535129,1.03623875109538e-05,0.0576852858199094,0.559893487311215,168
EEG_PeriodicTheta_parietal_r,0.167300257110265,,8.18720737631598,4.84394223759155e-06,-0.188359053223131,0.117721945594202,0.1558635551636,0.249488555317491,-0.0121488776864129,0.000270709955293658,0.152027508667062,0.127019045501739,168
EEG_PeriodicTheta_parietal_l,0.141941955223223,,6.74095967115029,4.79605190264612e-05,-0.280797515706372,0.0221624075057762,0.118513528625613,0.387934770771831,-0.0109338778109782,0.00118421514972789,0.0549744870637161,0.585554366261126,168
EEG_PeriodicTheta_Occipital,0.14181065961516,,6.73369396166865,4.85209734608893e-05,-0.175477385064771,0.150870923549134,0.251146108069996,0.0684231307805898,-0.00936082725061094,0.0053072617508898,0.0691063780915109,0.493199276882227,168
EEG_PeriodicTheta_WholeBrain,0.171865376351047,,8.45697533505609,3.17337586117283e-06,-0.212256961223528,0.0774102443772355,0.149350522056752,0.268431750033794,-0.0127005442040342,0.000138846636101864,0.116677667835971,0.239563966567085,168
EEG_PeriodicAlpha_Frontal,0.0664507889995315,,2.90061800687393,0.0236281561201066,-0.02392680101136,0.850578270281275,0.253483441616463,0.0777416001215392,-0.00202346465697528,0.558921288639384,0.203449440175691,0.0542837635038116,168
EEG_PeriodicAlpha_Central,0.109512468056069,,5.01144924909043,0.000778773877337716,-0.0866349065848813,0.485235318496776,0.210296339390063,0.133519398494388,-0.00735390421208627,0.0307455069077127,0.197626187667885,0.0555864273387499,168
EEG_PeriodicAlpha_temporal_r,0.0730219405999385,,3.2100480149156,0.014395470777054,-0.108644023356551,0.391179809476895,0.101923154841572,0.474837253301068,-0.00775079752589353,0.0257065521398139,0.131778887063118,0.209439426203174,168
EEG_PeriodicAlpha_temporal_l,0.0610628201623601,,2.65013461501913,0.0351830396145343,-0.12439209500443,0.329472858523258,0.144425252977147,0.314709506792296,-0.00599417281232377,0.0855406663247729,0.0877266816851129,0.405785894137115,168
EEG_PeriodicAlpha_parietal_r,0.0724665396402651,,3.18372502615216,0.0150172095728826,-0.120445042782125,0.342066235770921,0.158060703672613,0.26842862682198,-0.00405007575210174,0.241307939221558,0.210650357725244,0.0456902728280648,168
EEG_PeriodicAlpha_parietal_l,0.0631937065852819,,2.74885380409184,0.0300852801034053,-0.163791789839778,0.199096406436378,0.165819351304521,0.248067057832395,-0.0039587758410148,0.254387469830551,0.120006956651207,0.255341946649309,168
EEG_PeriodicAlpha_Occipital,0.114513355407048,,5.26989228051237,0.000512334836751643,-0.0738290600233494,0.550811767204642,0.342883090074682,0.014718237622996,-0.00309572302504886,0.358939155829092,0.215541723387069,0.0364927648796853,168
EEG_PeriodicAlpha_WholeBrain,0.0836581520457225,,3.72030340366309,0.00632108074077903,-0.103098864593546,0.413068683387119,0.214251958930801,0.131855610777023,-0.00489397780749817,0.154718126501179,0.179782286121327,0.0856937397291822,168
EEG_PeriodicBeta_Frontal,0.0178220767908661,,0.739427767684779,0.566379577241803,-0.105390084502969,0.418982480978571,-0.167318492178508,0.254983301447438,-0.000865027207615439,0.807470167574671,0.135612274173049,0.209551334109876,168
EEG_PeriodicBeta_Central,0.0179845368385023,,0.746291584665666,0.561811775911349,-0.165606746335177,0.204726394537047,-0.107812813570882,0.462701939073031,4.75288066178839e-05,0.989315133041955,0.118386304434815,0.273021528864065,168
EEG_PeriodicBeta_temporal_r,0.0351690467301107,,1.48537798190968,0.208962363139783,-0.225329721459143,0.0823738642343714,-0.23552570766777,0.106645869998645,-0.00580465650739702,0.100342121282281,0.0955778320205187,0.37167010702121,168
EEG_PeriodicBeta_temporal_l,0.0261570406922312,,1.09452904908415,0.361111690323196,-0.158312302895477,0.223356154361778,-0.194003479473692,0.185311666254344,-0.00430559254003663,0.224185503180378,0.128206885049748,0.233406947657167,168
EEG_PeriodicBeta_parietal_r,0.0391798912654163,,1.66168521511108,0.1613880503423,-0.267075251343303,0.039466026396793,-0.134575793443282,0.354283812234692,0.00185493400856728,0.597388276701208,0.117567254547188,0.271126467568259,168
EEG_PeriodicBeta_parietal_l,0.0502074784588257,,2.15410702947762,0.0764933096231883,-0.331937636582531,0.0103192471454663,-0.0957810180166621,0.506995939460245,0.00200212883634728,0.566423200567455,-0.0254880387902357,0.81003221872857,168
EEG_PeriodicBeta_Occipital,0.0630684009199853,,2.7430362472703,0.0303645174719926,-0.234149853379386,0.0671298974580208,0.0582151675314938,0.684584128080579,0.00705266375488196,0.0432112734575558,0.0743739970866948,0.480337028100588,168
EEG_PeriodicBeta_WholeBrain,0.0265190074640289,,1.11008798573869,0.353634723109746,-0.230819510306495,0.0765363288023344,-0.129105473381247,0.377253788008001,0.000368538605439259,0.916936596942117,0.103182144321933,0.337080965078024,168
EEG_PeriodicLowGamma_Frontal,0.0652729588420451,,2.84561476847641,0.0257935658905697,0.0890063838998596,0.484030457783999,-0.000596187465110798,0.996675977781632,0.0069552073261564,0.0458916302302486,-0.220230153499209,0.0375262151444049,168
EEG_PeriodicLowGamma_Central,0.109661160709499,,5.01909172295926,0.000769184634004651,0.19081747668813,0.125300887650849,-0.0329579474218802,0.813467243938719,0.0113323699467025,0.000975471612235879,-0.108803769175624,0.289993882190905,168
EEG_PeriodicLowGamma_temporal_r,0.114722519571532,,5.28076538248469,0.000503393972085637,0.125045427365194,0.3127517493259,-0.00558102784170795,0.968034468429291,0.0126596744751804,0.000234178710171395,-0.113121751525477,0.269982237236477,168
EEG_PeriodicLowGamma_temporal_l,0.102953267166136,,4.6768417780939,0.00134006439536268,0.261193195420965,0.0371628261037737,0.0719269776252318,0.608053824851225,0.0123837486876704,0.000344730985755826,-0.0169862266194459,0.869060487228856,168
EEG_PeriodicLowGamma_parietal_r,0.0820162659060883,,3.64076476689635,0.00718881183279917,0.192605733344942,0.127545404559921,0.0109267484545564,0.938586375345517,0.00847505291381521,0.0143996755978393,-0.184422828126251,0.0782475390482067,168
EEG_PeriodicLowGamma_parietal_l,0.0777977207319579,,3.43770254216193,0.0099784037731548,0.272800668113429,0.0318870148705297,-0.0124885741151656,0.929989863483052,0.00860798960034143,0.0131669181212972,-0.00570739747718965,0.956431757252034,168
EEG_PeriodicLowGamma_Occipital,0.0442162277364344,,1.8851662191256,0.11545464128375,0.187869273116249,0.145078520992792,-0.115521308046939,0.425148569305754,0.00312641000534969,0.372487263278654,-0.0633008852656116,0.551935423425017,168
EEG_PeriodicLowGamma_WholeBrain,0.0955579536701563,,4.30540201869245,0.00244860851257484,0.204719812861329,0.102905550490834,-0.0105861768362284,0.940053952863385,0.0102458685831919,0.00300200289852692,-0.124008956648552,0.231698146426775,168
EEG_DFA_Alpha_Frontal,0.0430916548346116,,1.83506073845238,0.124537191971762,0.115032713694372,0.371587013312337,0.325624484867011,0.0256360297434224,0.00434405832600295,0.216073881843189,0.150896266710503,0.157475648452357,168
EEG_DFA_Alpha_Central,0.0529724467998962,,2.27937106982951,0.0629854940949158,0.0110202580771864,0.931348096239895,0.327845770687572,0.0239343871015318,-0.00161120076004443,0.643983548237375,0.0215389433047352,0.83879038982483,168
EEG_DFA_Alpha_temporal_r,0.0418007055921071,,1.77768733792581,0.135759634641237,0.0167221838723713,0.896600904837644,0.294917964967961,0.043109485959367,-0.000698067719891406,0.842178672456581,0.0642355311813447,0.546591568179045,168
EEG_DFA_Alpha_temporal_l,0.0260832014972359,,1.09135653337778,0.362651822095828,0.123535492759944,0.341615439070403,0.296870838396427,0.0434265911130383,0.00342361370197472,0.333414159044173,0.0447832609488925,0.676660478352116,168
EEG_DFA_Alpha_parietal_r,0.0255929462983665,,1.07030481531977,0.373005702020568,-0.0323759797079214,0.802980909382972,0.197869835443436,0.176875102952281,-0.000600910150674248,0.865036138068864,0.0725234144245888,0.49975182013349,168
EEG_DFA_Alpha_parietal_l,0.0685574863302338,,2.99934513075867,0.0201806409127306,0.0509738645214332,0.687902181198709,0.295437162004593,0.0399089099896104,-0.00273953332870314,0.42846810710175,0.175466647863441,0.0960862483138651,168
EEG_DFA_Alpha_Occipital,0.0867549936973179,,3.87110355793611,0.00495185150826558,0.00123271729257491,0.9921702695116,0.297036691823588,0.0369895711380419,-0.00361175336099076,0.292119958462152,0.200548949671127,0.055088972317658,168
EEG_DFA_Alpha_WholeBrain,0.0533812026339245,,2.29795141759811,0.0611888806586885,0.0397256270617996,0.756125779144865,0.318001432245287,0.0283906121917776,-0.000606383215368555,0.861854582755074,0.128112892896822,0.227168626760855,168
EEG_DFA_Beta_Frontal,0.0959363692450657,,4.32426094109313,0.00237480834820042,-0.127800492730378,0.307304705829673,0.196244933413017,0.164454190917749,0.00666385186452844,0.0517113603058568,0.312172560604321,0.00291121279468665,168
EEG_DFA_Beta_Central,0.0653060878487278,,2.84715995818423,0.0257301539627121,-0.0601868514930049,0.635902235160636,0.304069401873504,0.0348334434191924,0.00520857920712775,0.133851335767716,0.17963947138972,0.0890519150264137,168
EEG_DFA_Beta_temporal_r,0.0636767607596419,,2.77129509576263,0.0290314964520267,0.0162398839373281,0.898406822328193,0.30217410265995,0.0361255592689487,0.000948209610421892,0.784406663060389,0.217500144518883,0.0400907158100341,168
EEG_DFA_Beta_temporal_l,0.0331191328705587,,1.39583345824396,0.237687131105494,0.0376115601577576,0.771087550990116,0.219950575594285,0.132083100145653,0.00245652158191969,0.48578150176884,0.178926925954436,0.0958035736635359,168
EEG_DFA_Beta_parietal_r,0.0483676974443638,,2.07116095740417,0.0869235933949582,-0.125244844671691,0.329416499422733,0.194918486880639,0.178255716000189,0.0019429103075059,0.578314621713245,0.164366053297568,0.122794244590359,168
EEG_DFA_Beta_parietal_l,0.0409015235274819,,1.7378164230591,0.14410767217353,-0.0518148624957401,0.687389270924288,0.241483563548239,0.0971511222519506,0.000222085517518388,0.949512912977105,0.120339094815517,0.259605408998326,168
EEG_DFA_Beta_Occipital,0.08978787275263,,4.01978363629877,0.00389159099470184,-0.175582686792508,0.162747019584454,0.241537231440981,0.0886093981786475,-0.000616947106505829,0.856720226633595,0.216624462966939,0.0381355658448943,168
EEG_DFA_Beta_WholeBrain,0.0757297338250976,,3.33883579977542,0.0117018815085946,-0.0953218690614176,0.451072008912438,0.273493440539996,0.055988860070868,0.00260815545928157,0.449154391971811,0.234472492958413,0.0260910826111609,168
